First_Name,Last_Name,User_Name,Email,Phone_Number,Address,Country,City,State,Zipcode,Date_of_birth,Company,Job,Latitude,Longitude,Date_Time,Date_this_century,Date_this_decade,Time,Word,Company_Suffix,Currency,Credit_Card_Number,Boolean,uuid4,Hex_Colour,License_Plate,Vin,ISBN,Catch_Phrase
Alexandra,Randolph,michael16,fbrock@hotmail.com,867-623-3546x2072,"Unit 1994 Box 0012
DPO AP 18689",Bermuda,Joneston,South Dakota,45833.0,,Moore Inc,"Engineer, agricultural",-32.5302075,14.553242,1996-01-22 02:15:37.518029,2012-08-24,2022-09-20,20:53:42,with,,"('UGX', 'Ugandan shilling')",6521166097902205.0,True,f71d5f87-12eb-4e89-82b6-306c1dc253fe,#596691,MFD0793,B7B2ETZ0XJVWCS1TD,1-7351213-6-3,Quality-focused hybrid moderator
David,Dalton,kerrrichard,matthew01@gmail.com,849.380.7677x4556,"380 Marvin Burg Suite 929
Fordport, NY 53373",French Guiana,Rodriguezfurt,Alaska,12532.0,1928-02-13,Morton-Larson,Nutritional therapist,42.7960345,144.685436,1983-04-04 12:18:22.629453,2012-03-04,2022-07-19,23:10:32,in,,"('UZS', 'Uzbekistani soʻm')",,True,12b1ebd3-274a-4103-92e0-ce918ebcd46b,#91c01c,21I 711,SPGKUJVS631ZM9MFA,1-276-50338-5,Multi-layered grid-enabled help-desk
Sergio,,,ericarmstrong@gmail.com,379-533-7300x478,"58538 Leslie Light
Port Joshuabury, IN 79767",Hong Kong,Thompsonchester,Washington,16772.0,1964-04-19,Kirk-Gilmore,Clinical cytogeneticist,68.017817,137.149086,2012-02-13 09:48:14.272109,2018-11-05,2022-02-01,01:39:28,white,Inc,"('GHS', 'Ghanaian cedi')",6011830134220452.0,,48d6cd4d-b463-47e4-b7a5-ba22ebda8e11,#4cb3ff,999 1XX,M3LYE2WH1FFL3KTEW,1-9840-4089-8,Visionary mission-critical archive
Joshua,Rice,leblancraymond,,282.730.3705x430,"1380 Daisy Ports
New Jessicafort, UT 64281",Suriname,North Jamesfort,Tennessee,79142.0,1941-04-23,Davis-Jackson,,86.5361475,-159.712231,2000-09-21 00:56:00.587594,2018-05-07,2023-10-11,10:13:08,author,Group,"('MKD', 'Macedonian denar')",4538026594288.0,,de78ddcf-8f36-43fd-a206-8b426a49c916,#58f429,8MSV 10,,1-213-31783-5,Assimilated hybrid software
Victoria,Evans,brennanhunter,taterobert@hotmail.com,+1-591-829-2733,"3883 Vanessa Curve Suite 428
Brandonberg, CA 56552",Latvia,Parkerstad,New Jersey,55328.0,1939-03-18,"Stafford, Bass and Molina",Solicitor,-81.475258,80.755229,1984-02-26 03:37:35.658092,2015-04-24,2020-07-07,20:11:56,its,Inc,"('TOP', 'Tongan paʻanga')",6011262298042235.0,False,f51a1447-2b8d-4036-8eea-e778d260e2fc,#ddae40,2-5447F,UJUY4S4M1RNWX5L9N,,Reduced multi-tasking matrix
James,Sanchez,hernandeztanya,wdixon@hotmail.com,001-302-204-3682x438,"56365 Andrew Meadows
Port Austinstad, HI 10054",Bermuda,Hicksmouth,Illinois,77365.0,1929-01-02,Short Ltd,Counselling psychologist,-40.354078,-121.515675,,2008-11-24,2024-09-17,09:35:24,total,Ltd,"('GNF', 'Guinean franc')",340788794505239.0,False,6113e4d2-e44e-41bc-af90-efd037b727a3,#e6ba42,6YBL075,Z3DR48AB2P56NKUJP,0-06-222329-1,Quality-focused intermediate intranet
Wendy,Williams,fwhitehead,kennedymichelle@gmail.com,941-240-4721x91148,"189 Jacob Manor Apt. 232
Sethhaven, AZ 61343",Maldives,Raybury,Minnesota,98614.0,1911-06-09,"Shaw, Ruiz and Crane",,-70.2338455,55.994781,2013-05-17 15:07:08.298866,2000-11-20,2023-07-25,22:26:09,every,,"('NOK', 'Norwegian krone')",377364471797378.0,False,53fbfa10-ac10-46fe-a7e6-d608a3924b82,#a78774,,8DS31PUXX4V3U5T0S,1-5104-3277-9,Cross-group secondary adapter
James,Perez,gutierrezjerry,diazjimmy@gmail.com,(743)974-8624,"99624 Diane Flat Suite 307
Huangview, CA 92366",,Taylortown,,65734.0,1968-06-07,Lynch and Sons,Training and development officer,30.5777715,86.141692,1972-01-10 04:15:06.421258,2008-12-19,2022-06-16,13:55:56,friend,,"('LAK', 'Lao kip')",584744518062.0,True,b58a9b37-c45f-4c93-9c5a-baed3d21dba3,#97b9cb,HSE 030,LANLDMZ131WHUTNPD,0-480-39897-6,Multi-channeled scalable groupware
Derek,Watkins,deborah98,donaldhouse@yahoo.com,(501)903-8984,"9044 Amanda Divide Suite 754
Jonesfurt, NC 31377",Kyrgyz Republic,,Iowa,74718.0,2020-09-08,"Reyes, Bruce and Dunn",Tour manager,10.6358395,,1980-03-21 14:02:11.515795,2011-04-12,2023-06-02,23:55:24,take,and Sons,"('JMD', 'Jamaican dollar')",4.757747447534249e+18,False,,#a9242c,,UYYXSS5W39E8PUKV7,1-78902-417-X,Organic directional leverage
Stacey,Stewart,hortonmargaret,amanda50@gmail.com,6335137930,"6567 Brian Glens
South Diana, ID 72490",Indonesia,West Mason,,,1982-02-13,Vasquez and Sons,"Education officer, community",-45.843002,-39.242977,1971-05-14 17:25:37.416072,2003-12-11,2025-01-31,10:01:17,anyone,PLC,"('ZAR', 'South African rand')",373321751935890.0,True,05387096-2b7c-42d8-83f1-76164b071639,#321be2,MFG 142,Z889A5FX8A0XFZKFY,0-946194-44-0,
Kenneth,Wilson,kararush,vabbott@hotmail.com,+1-959-590-7364,"537 Matthew Parkways
Martineztown, PW 98111",Uruguay,South Julia,New Hampshire,79718.0,1953-03-17,Ruiz LLC,Lexicographer,-59.5476715,-79.835834,2004-08-29 16:32:36.186563,2012-11-27,,09:33:37,especially,and Sons,"('MWK', 'Malawian kwacha')",36061237832795.0,False,9a35baa9-9b8f-49b0-bd50-78fb157f1d39,#ac23c9,J36 6XJ,LMG89YVC85UUHXJTJ,0-435-77519-7,Secured impactful Graphical User Interface
Frank,Kane,morrowpenny,ijackson@yahoo.com,+1-591-848-9612x19232,"77823 Curtis Freeway
Port Jenniferport, MI 91944",Lesotho,Christinaview,New Hampshire,96422.0,1978-03-21,Nguyen-George,Therapeutic radiographer,32.0443765,-156.117711,2021-07-27 13:50:04.766060,2001-08-26,2022-10-13,18:42:20,same,Group,"('MVR', 'Maldivian rufiyaa')",4624340376889380.0,,bf36d991-26b4-4cac-bdf8-795584c98247,#a43586,HWN-200,WFLETWJTXD9XGCJ81,0-405-83635-X,Diverse demand-driven forecast
Darryl,Mccormick,simonbarry,thompsonkatrina@yahoo.com,(523)985-1161x66200,"177 Brianna Loaf
West Stephanie, CT 49605",Honduras,Port Jeffrey,Utah,53499.0,1918-05-27,Benson-Fitzpatrick,"Scientist, audiological",-66.259503,10.582058,1976-02-21 11:21:18.524543,2022-04-18,2020-01-30,09:22:41,ago,,"('SVC', 'Salvadoran colón')",5547639712361934.0,True,3282fcb8-982d-4c93-ab51-be97a24331b5,#59f531,KUB-7056,JTBAK0FY5GBF52UTG,0-226-97375-1,Reactive stable monitoring
Lisa,Bryant,meagan92,johnstonlisa@yahoo.com,761-341-0380x5412,"3784 Lori Run Suite 050
Patrickstad, FL 32034",Holy See (Vatican City State),South Michael,North Dakota,44875.0,1973-08-31,"Schmitt, Johnson and Simpson",Optometrist,7.859352,-128.5675,2009-08-08 14:50:10.869157,2015-03-22,2021-11-12,07:40:18,behavior,PLC,"('NIS', 'Israeli new shekel')",3563228262197775.0,True,,#8f038f,59O I21,G9EZEKY41GBMJT2NP,1-9823-0934-2,Down-sized multimedia open system
Donald,Hodges,fsmith,zbrown@hotmail.com,(916)262-1663,"316 Hernandez Circle
Lake Danielle, NJ 74124",Djibouti,Markmouth,South Carolina,37648.0,1914-06-05,"Luna, Medina and Warner",Dealer,55.052769,-6.631603,2010-02-11 02:36:57.262726,2017-02-23,2021-01-23,22:49:12,few,LLC,"('OMR', 'Omani rial')",30513890615756.0,False,d2f3371e-95d0-48dd-8b8d-1dd534697b4a,#c6697d,ZOU-4778,D93F8TZB6N7EFLVNJ,1-4119-0540-7,Function-based grid-enabled info-mediaries
,Potter,matthew93,casey75@hotmail.com,+1-944-828-4888,,Myanmar,West Richard,Wisconsin,39372.0,1983-04-11,"Zamora, Ramirez and Burns",Science writer,-62.449199,29.138797,1996-04-30 03:14:55.015327,2012-03-15,2024-10-05,22:56:55,on,Inc,"('MRO', 'Mauritanian ouguiya')",4958134320089.0,True,41269f32-2887-4dee-9c6f-73f63d3e76e8,#0e8c9c,24-F098,763KCS2U9STLUTJEM,1-929999-41-0,Organized upward-trending protocol
,,jennifer38,landrymartin@gmail.com,819-995-2666,"6698 Christian Centers
Forbesstad, AS 67459",Libyan Arab Jamahiriya,Lake Nathantown,West Virginia,62834.0,1952-01-28,"Martinez, Rodgers and Dixon",Petroleum engineer,-25.9684005,-97.492525,2009-02-22 10:31:47.122763,2009-12-17,2022-01-05,16:37:52,eight,Group,"('CHF', 'Swiss franc')",4.564629860919665e+18,False,361c079e-d9a5-413f-96de-2d4b2472b4b7,#111fbb,28R 317,A6589DXH5KKY8ZHRZ,1-299-98811-3,Mandatory reciprocal function
Jason,Bradford,guzmanmatthew,kenneth33@yahoo.com,750-580-0883,"PSC 5934, Box 7783
APO AP 39703",Iran,Adamsburgh,Rhode Island,93074.0,1920-10-18,Guzman-Heath,Prison officer,61.5596135,-87.500044,1996-11-13 02:27:36.909472,,2025-02-17,12:38:54,now,Group,"('SGD', 'Singapore dollar')",180084101359558.0,False,f1bc6988-1a3d-4d7f-bb30-480726042d42,#aea9e0,NTI-088,SWGMC5KN808TSN8GL,0-944389-24-4,Synchronized full-range customer loyalty
Steven,Collier,xrobinson,elliottjennifer@yahoo.com,001-746-509-7631,"0706 Haley Centers Apt. 741
Lake Phillipborough, ID 31286",Nauru,New Angelicamouth,Maryland,79831.0,1926-01-07,Smith and Sons,Estate manager/land agent,-70.2862545,-174.792596,1982-11-01 06:51:45.803297,2020-10-10,2023-06-10,,drop,LLC,"('AOA', 'Angolan kwanza')",3557096951535615.0,True,4c6a230a-7cc4-435d-bb7d-8309a1b3149f,#70a52a,,,,Digitized bottom-line definition
Jasmine,Sanders,probinson,,(416)822-4308x8890,"Unit 6729 Box 8569
DPO AP 15607",Bouvet Island (Bouvetoya),New Betty,Wyoming,7780.0,1998-05-17,Booker-Rowe,Commercial/residential surveyor,-48.6494775,-131.532034,2011-08-03 02:12:32.032954,2017-08-05,2023-03-26,05:16:59,man,Inc,"('NAD', 'Namibian dollar')",4761331125307637.0,True,bd011d34-ee94-4872-9b5b-16b523326a09,#23bc6c,3A 6J9NEZ,Y448VDT361KNJ7K0X,1-925097-18-8,Managed hybrid conglomeration
Bruce,Richards,psanders,walkeraaron@gmail.com,+1-850-244-8605,"2002 Smith Trafficway
West Patrickchester, HI 96491",Philippines,South Angela,Indiana,4413.0,1956-09-06,Pace Group,"Designer, exhibition/display",-70.388235,-39.821679,1977-08-26 01:50:49.593927,2015-02-12,2022-08-20,09:10:17,board,LLC,"('XPF', 'CFP franc')",503837875940.0,False,a67e19d0-d7bb-421c-a94c-dd80bf05a3f0,#8b196b,VDM4261,CS90UAEHXFXEUGMR1,0-437-89381-2,Extended multi-state capacity
Kristen,Wagner,christophertaylor,,+1-779-573-4613x140,"USNS Boyd
FPO AP 67180",Mauritania,,Illinois,33889.0,1920-10-21,Paul-Patel,Exhibition designer,,-44.27746,1985-06-11 11:01:55.007307,2009-10-10,2021-02-26,,travel,Ltd,"('MXN', 'Mexican peso')",4840115540276724.0,True,b98f1ca4-6211-4b84-bf7e-d70b3187df51,#dcd426,CPO-6900,TPV1LRH10ENF9F538,0-06-179424-4,Team-oriented maximized moratorium
Marvin,Jimenez,hollyhughes,danielwhite@yahoo.com,+1-726-966-0307x86937,"2027 Zimmerman Turnpike Suite 056
North Vincentstad, MI 27133",Afghanistan,Andrewsside,Alaska,92543.0,1992-06-18,,Tree surgeon,14.7757345,14.648716,1990-03-20 04:26:12.740249,2024-09-24,2023-06-30,13:53:46,music,PLC,"('MUR', 'Mauritian rupee')",4844487677434.0,False,a2f332c0-a4ab-44b3-ad97-e23cc2f87b1e,,35-3452U,39SE05PF3N2XERDR1,0-650-83647-2,Universal bottom-line Graphical User Interface
John,Jarvis,richard13,royfowler@yahoo.com,297.612.8237,"757 Maldonado Walk
East Courtney, WY 28595",Liberia,Lake Carolineport,New Jersey,612.0,,"Kramer, Castaneda and Reynolds",Physiological scientist,80.2133805,114.95987,1970-06-04 06:21:49.517147,2013-04-12,2023-01-25,16:35:22,analysis,Ltd,"('TTD', 'Trinidad and Tobago dollar')",4024826232254.0,False,78623d7d-9f68-487a-b56c-1f4add13da5a,#08ff14,MSW9407,L1W6S9XJ8H2BMAA2D,1-967182-50-7,Up-sized leadingedge infrastructure
Olivia,White,kevinmartinez,yweber@gmail.com,001-908-210-5543,"10155 Benjamin Prairie
Ortegaside, HI 73201",Slovakia (Slovak Republic),Spencerport,West Virginia,5620.0,1999-03-08,Smith LLC,Data processing manager,-89.971382,109.308345,,2010-05-22,2020-10-01,17:58:32,sense,and Sons,"('NPR', 'Nepalese rupee')",6011506179042791.0,True,f9ca24c7-dc6a-4623-959d-0a3781aeede2,#e17488,6PX 113,67VFHREM758SMVNXF,0-926872-10-9,Customer-focused zero-defect analyzer
Victor,Chen,bruiz,toddjoseph@hotmail.com,(720)690-2767x0150,,Niue,East Melissaberg,Michigan,26883.0,1951-08-03,"Noble, Ross and Robinson",Energy engineer,,17.132131,1984-01-16 16:29:34.991544,2022-05-12,2024-12-11,22:25:24,play,PLC,"('AZN', 'Azerbaijani manat')",4408039138392.0,True,82978c83-aad4-4345-98fb-1e4eb4c14466,#a6dfa0,8N 11875,UUGA7TMK6305B986T,,Pre-emptive foreground support
Nicholas,West,,qdurham@gmail.com,(632)419-6211x48959,"84875 Elizabeth Vista
West Timothy, IA 02090",Ukraine,Lake Tamaraborough,Washington,88454.0,1935-02-13,Ellis LLC,"Radiographer, therapeutic",89.5017715,58.672028,1986-09-09 16:11:20.065136,2021-06-29,2022-12-12,02:48:17,bag,and Sons,"('CUC', 'Cuban convertible peso')",6011047135733082.0,True,166d3d76-f618-4a3a-9a01-8456c202765d,,C13-QIN,8Z3G2DR19DB4FXREM,0-16-452657-9,Vision-oriented intermediate capacity
Lisa,Miller,rasmussenbrian,jterry@hotmail.com,(980)814-1987x054,"163 Dean Loop
Port Christine, GA 51249",Malawi,Hicksland,New Mexico,84017.0,1928-05-20,Douglas Group,Chief Financial Officer,,,1984-04-03 22:45:09.917756,2015-02-14,2022-06-17,,,and Sons,"('ILS', 'Israeli new shekel')",376037524444880.0,False,5fa51601-4707-45eb-bdf8-64757b44aa71,#2ccdf3,D55 5GO,27635A945K6YE3MC6,0-524-90615-7,Synergistic scalable matrices
Courtney,Cox,helenfleming,bbarker@hotmail.com,,"PSC 6727, Box 0406
APO AA 28292",Switzerland,Adamsborough,Arkansas,33760.0,1922-08-18,Brown Group,Dietitian,-17.8235275,-101.780868,1971-04-08 09:18:43.204748,2018-08-21,2023-01-20,23:52:39,there,PLC,"('BOB', 'Bolivian boliviano')",566481293603.0,True,,#a3aec9,988-229,XPN100712KJ9B8FU1,1-4830-3953-6,Grass-roots actuating Local Area Network
Joanne,Sullivan,linda41,ambersnyder@gmail.com,234-375-0604x00060,,Grenada,Lake Tony,Colorado,26860.0,1940-09-14,Gregory and Sons,"Chemist, analytical",-56.4480475,-24.577612,2024-01-23 00:53:49.444912,2017-11-30,2020-10-28,00:33:04,put,and Sons,"('KYD', 'Cayman Islands dollar')",4.959355055371508e+18,True,4c737eab-c73b-4fcb-8f30-6e8894e25cc8,#5d4993,KUG 905,PD9L1YJ00B16FABAY,0-246-62453-1,Intuitive intangible neural-net
,Kirby,todddaugherty,jeremygoodman@hotmail.com,834.230.3085x752,"453 Cassandra Stream Suite 071
Wilcoxtown, MH 26571",Ghana,North Edwardhaven,Michigan,45957.0,2009-03-23,Kaiser LLC,"Designer, graphic",16.193812,-48.588079,1997-12-06 10:47:47.864849,2014-11-28,2022-02-10,21:12:45,both,Ltd,"('UZS', 'Uzbekistani soʻm')",180091274394197.0,False,7718ca2a-f8bf-44a4-9aee-ec02dc3a4cfb,#f7a587,75Y 4209,7M87KXZN0KMBCKHEK,1-294-58033-7,Inverse 3rdgeneration analyzer
Vanessa,Garcia,tlong,,001-879-219-9774x04981,"610 Bell Stream Suite 977
West Elizabethview, LA 91473",Armenia,Port Hollyside,North Dakota,49314.0,1934-04-01,Manning Group,Geophysical data processor,-85.27869,67.57787,2022-10-24 21:03:03.275539,2011-12-14,2024-06-20,18:48:31,old,Ltd,"('JOD', 'Jordanian dinar')",588747158040.0,False,,#4f8644,,DGXULM398AAPJHA10,1-84698-011-9,Synergized intangible hardware
Nicholas,Graham,yfuentes,,+1-979-311-9020x598,"83936 Susan Forges
Youngfort, FL 80617",Cayman Islands,New April,North Carolina,96422.0,2004-09-16,Mcmillan-Henderson,Web designer,-3.7978585,110.321631,2000-02-07 18:19:07.292827,2009-12-27,2022-07-30,02:39:43,make,and Sons,"('NAD', 'Namibian dollar')",4.534184628573605e+18,False,015243f4-a708-473b-b4e1-81edaeef1f90,#88d155,KUA 114,,,Devolved solution-oriented website
Breanna,Clark,michael63,ulopez@gmail.com,+1-763-445-2186x658,"784 William Springs Apt. 805
East Donna, AS 88043",Canada,Jenniferview,Kentucky,54805.0,1937-05-02,Park Inc,Electrical engineer,-82.442714,-49.953612,1989-10-16 01:56:09.508146,2003-09-22,2024-06-01,01:13:44,go,and Sons,"('HTG', 'Haitian gourde')",3575812714609101.0,True,5bc42050-55ba-48c6-a867-78b95edf9136,#65c683,723-DLE,H2KN48YM1VX65EALU,0-651-92881-8,Customer-focused national functionalities
Laurie,Joseph,hbennett,krios@yahoo.com,,"6035 Larry Wells
North Richardhaven, FM 12419",Kuwait,Wilsonmouth,Indiana,37389.0,1919-06-10,Walker Inc,Product/process development scientist,37.0917465,168.898255,2019-10-13 12:45:15.705466,2024-10-04,2022-03-06,17:00:07,street,PLC,"('SDG', 'Sudanese pound')",30225238983669.0,True,1e4f92a8-a595-4c7d-9a82-26271f3c768a,#517c3b,547 CXC,G2GMDYE63HSEU6TD0,1-57469-634-3,Right-sized zero tolerance concept
Lisa,Davis,mejiarichard,albert21@hotmail.com,985-511-7857x64062,"395 Stephen Wells Suite 721
West Bailey, MT 26993",Brunei Darussalam,Heatherfurt,Mississippi,34699.0,1918-09-04,Howard and Sons,Office manager,10.751061,157.805222,1976-09-21 07:14:23.225666,,2022-09-06,11:53:20,person,,"('GIP', 'Gibraltar pound')",4906311691715.0,,d7cba5bb-c8d7-455e-9dba-86a4f88370bd,#f05368,9151,7J8CS2LS9LJ4189WV,0-324-36021-5,Quality-focused disintermediate migration
Hayden,Noble,nathancastillo,curtiskaren@gmail.com,,"72733 Schultz Fords Apt. 533
Lake Donald, MT 30235",Senegal,Port Michelleborough,New York,40539.0,1925-08-05,"Ware, Pearson and Mays",Prison officer,,113.20066,2017-01-26 17:59:39.007654,2016-03-20,2024-09-15,15:19:16,also,and Sons,"('SDG', 'Sudanese pound')",30396999927565.0,True,fd04f80b-7dc4-450d-b3b8-e7d4d1c23ef8,#b97a28,148-GTN,649TYEFH0JZLFGKYL,0-562-19751-6,
Michael,Hoffman,,timothyhouston@yahoo.com,+1-586-901-6243,"8249 Mcknight Shoal
Kimstad, VA 15462",Hong Kong,West Michaelfurt,Indiana,79804.0,1968-01-31,Walters-Schmidt,Lobbyist,-9.440709,169.545197,2007-08-25 00:06:37.596123,2006-10-08,2023-11-22,06:32:10,turn,LLC,"('MUR', 'Mauritian rupee')",,False,a6b5c3e6-3d1c-4462-a15c-fc4628617523,#d2d81d,YCU0606,VPNLGUXY3HL05TGLM,1-82086-915-6,Synchronized neutral Graphical User Interface
Joshua,Rodriguez,robert04,michaellara@gmail.com,816-408-6453,"71751 Gutierrez Bypass Apt. 739
West Adrian, IA 87339",Ecuador,West Ashleychester,Wyoming,30867.0,1942-01-29,"Page, Carpenter and Salinas",Tour manager,-2.9471575,-23.405335,2024-05-15 08:52:30.842422,2022-08-28,2022-03-19,,address,PLC,"('AZN', 'Azerbaijani manat')",3594180343911265.0,False,2b146098-09dc-44bd-b299-d468caceb861,#e0d8d6,HOH 975,ZHCPRM4D7H095RFXX,0-617-07847-5,Total heuristic knowledgebase
Joseph,Jimenez,debbie56,renee82@gmail.com,566-838-7246,"8296 Blankenship Loaf
Jessemouth, AR 97081",Tanzania,New Robertport,Texas,45990.0,1973-09-03,Garcia PLC,Web designer,42.306463,,2024-01-10 19:53:53.381167,2018-01-12,2021-10-15,06:07:07,officer,and Sons,"('PLN', 'Polish zloty')",4728983535029474.0,True,775f8428-fc7a-4997-9851-9f819b7fa350,#784535,73O W86,ARLH4A1X5F6F98ND5,0-89462-622-1,Monitored client-driven intranet
Mary,Roberts,rrivera,steven74@hotmail.com,250.989.5150x678,"6804 Morgan Ports
Dawnland, AL 91522",Congo,Latashaberg,Michigan,73474.0,1973-03-08,Stewart LLC,Television floor manager,,-9.445249,1981-08-02 12:34:11.237799,2010-12-11,2022-01-05,01:03:03,morning,LLC,"('KRW', 'South Korean won')",4672038256434134.0,False,8f782a22-c3ff-4eb5-9ed0-fa1c8a7a5829,#057994,9-2832P,PTX4123L9CADCNZKC,1-960617-45-1,Programmable solution-oriented emulation
Traci,Richards,christinadiaz,benjaminmoore@gmail.com,(938)839-7608,"33939 Robert Knolls
Murrayborough, ME 59725",Tokelau,Millerhaven,Massachusetts,52341.0,2020-01-30,Elliott-Robinson,Armed forces technical officer,66.726297,62.195837,1982-09-07 14:10:14.602826,2002-05-14,2020-05-07,14:31:09,enjoy,,"('XAF', 'Central African CFA franc')",372240094962364.0,False,2eda3b83-a96b-4333-90c0-a088ed03763b,#07c959,270 DUN,,1-915026-16-4,Stand-alone web-enabled complexity
Roberto,Baker,alyssasanchez,adamwarren@gmail.com,+1-790-798-9959,"73284 Monica Station Apt. 971
Port Moniquefurt, CO 24988",Palestinian Territory,Riverschester,West Virginia,29800.0,1965-01-20,Medina and Sons,Theatre director,50.3937685,-157.828928,2014-06-11 03:15:38.730408,2001-07-30,2024-10-14,03:08:52,little,Inc,"('KZT', 'Kazakhstani tenge')",2717278394380879.0,True,97bf4b36-c719-4f6d-aedd-73234caf7980,#646ced,647 SCF,JJW6NP6H56B4583BF,1-934990-22-1,Versatile methodical projection
Jill,Hobbs,justinsawyer,gail85@gmail.com,322.618.4867,"1449 Jason Ports
New Christine, SC 08647",Bolivia,Justinhaven,Iowa,84034.0,1957-01-01,Dennis PLC,"Administrator, charities/voluntary organisations",69.263865,164.460383,1982-10-24 02:58:16.977923,2024-05-17,2022-11-23,15:15:42,force,,"('BMD', 'Bermudian dollar')",4.5172044849432627e+18,False,08c9a974-d8f9-46c3-9a28-52b236dd7930,,095E,MM7BSD0899CMGWP4X,1-223-18111-1,Organic systemic database
Michael,Blake,brendavincent,austinharris@gmail.com,959.381.7264x173,"44665 Waller Shoals
New Josephland, GA 22060",French Polynesia,New Ryan,Illinois,58431.0,1999-11-26,"Newman, Garrett and Bass",Telecommunications researcher,-65.9741535,169.117788,2019-06-29 22:46:29.298270,,2023-06-27,,power,Ltd,"('LKR', 'Sri Lankan rupee')",4668058504014005.0,False,f17eb4f6-e805-48fc-ad55-9c801bc01488,#c61e2b,7ZO G29,JCH4D3V163HWRUM4G,,User-centric motivating matrices
Morgan,Palmer,troy14,haleabigail@yahoo.com,611.610.4607x2891,"160 Monica Plains
Smithshire, ND 31697",French Guiana,Lake Anthony,New Jersey,38271.0,1954-10-13,Elliott-Koch,"Education officer, museum",-72.8538815,-81.750656,1987-08-30 05:25:28.470708,2014-08-21,2023-05-03,13:01:06,,Ltd,"('XDR', 'Special drawing rights')",6011659868283778.0,True,17c520bd-2d37-40e0-90c0-038981d12b88,#eb6815,GGX-031,4SRZ7AY558W4HCC46,0-89926-034-9,Multi-channeled bifurcated architecture
Chloe,Sharp,christian65,jeremiah08@hotmail.com,+1-727-561-2825x588,"46732 Julie Stravenue Apt. 204
West Virginia, WA 74990",Colombia,Obrienport,Oregon,14060.0,1925-11-22,Velazquez-Mcbride,Patent examiner,20.0569995,-176.631957,1978-09-13 13:43:18.819563,2015-01-16,2022-03-06,10:20:30,establish,Ltd,"('AUD', 'Australian dollar')",4859197884633.0,True,ea19fea4-49a2-45ad-a912-c34037d7052e,#68a4b3,9Q 3O1IIR,VFH4PJEG61M0S9TUU,0-646-27846-0,Right-sized tangible info-mediaries
Karen,,sanfordnicholas,,768.704.7653x79471,"326 Brian Mews
Stevenfort, MT 80379",Turks and Caicos Islands,Juliechester,Maine,76239.0,1930-01-23,Knight Ltd,Medical illustrator,87.8691945,-175.354443,1998-12-21 07:50:37.839271,2023-12-01,2024-11-04,23:02:12,cover,LLC,"('AOA', 'Angolan kwanza')",4.25030609365237e+18,False,ee20f365-f809-4e4d-b3cd-6eb7652c11ce,#b90a01,BTP K54,349C1FK199T9G6P01,1-57280-650-8,
Chelsey,Doyle,cassandra65,jessicaleblanc@hotmail.com,(752)738-6715,"269 Frank Walk
South Johnside, WY 35402",Gibraltar,Christopherburgh,Texas,32667.0,1963-03-29,Clayton LLC,Dealer,-81.90622,-90.268065,2002-12-20 21:07:55.349101,2019-06-21,2020-03-01,21:52:56,recent,and Sons,"('SPL', 'Seborga luigino')",36401903964763.0,False,2873e20e-6be7-4081-8f42-6c4e1ff64ab1,#b9cae2,943 PLO,DN85EE81233NHYN6Z,1-147-88567-2,Intuitive upward-trending database
Amber,Anderson,lgreen,yreed@gmail.com,(361)755-8316,"534 Susan Cliff
Thomasborough, UT 18438",Seychelles,Peterside,Iowa,1335.0,1962-07-02,"Brown, Hoffman and Vincent",Patent examiner,7.903451,55.401392,1987-03-08 12:53:28.942030,2016-08-10,2020-11-06,20:05:47,best,LLC,"('LBP', 'Lebanese pound')",213195476420535.0,True,80dfa1dd-3cd9-40a8-ae06-59862528dc8a,#1d5400,706-THN,5SXHVVGJ16CN205GP,1-881197-83-2,Extended systemic benchmark
Allison,Rojas,christinaramos,courtneyrichmond@gmail.com,7345566433,"2829 Davis Station Apt. 779
East Shawnberg, KS 37894",Niue,Davidstad,Massachusetts,26473.0,1998-11-05,,"Therapist, art",-20.8070065,82.384057,1986-05-12 16:31:36.267907,2001-05-28,2020-07-10,17:18:14,have,,"('SPL', 'Seborga luigino')",374807078509789.0,False,,#46834b,V 463991,BBDP4ZV3XXS4PS0HR,1-237-88666-X,Universal explicit hub
Elizabeth,Garza,umitchell,lisa15@gmail.com,(750)947-7766x498,"81374 Rhonda Light
Cainburgh, DC 72002",Guadeloupe,Jenkinsstad,New York,72352.0,2020-02-29,Hernandez-Davis,Futures trader,-25.7061115,-41.784344,2023-08-10 22:11:09.084627,2001-05-17,2021-12-12,06:52:50,record,and Sons,"('TTD', 'Trinidad and Tobago dollar')",3580584522868145.0,True,76a680e8-36b3-46ba-b961-1f34a7f349d3,#ebe899,0GMJ 34,S068309SX3KFWA2GN,1-383-39133-5,Open-architected national extranet
John,Reed,reginaldrobinson,,+1-447-268-4564x4078,"5194 Jones Lodge
Hartchester, LA 74991",Oman,Christopherton,Missouri,74321.0,2023-05-25,Chandler-Lopez,Furniture designer,,-30.079655,2011-02-07 09:54:53.221391,2015-07-30,2023-08-26,15:46:21,fact,Ltd,,4.85747330676345e+18,False,c98d3ee7-d175-428e-b771-bbc5f18aa778,#d7564b,IH2 4708,,0-518-37295-2,Synchronized full-range task-force
Stephanie,Dixon,ibarrasteven,christopher82@hotmail.com,001-846-632-0618x09859,"21932 Michelle Pine Apt. 959
Port Anthony, IA 76254",Austria,East Rebeccaland,Alaska,16882.0,1932-04-04,Martinez-Cole,Electronics engineer,,-142.11097,,2011-01-14,2022-06-09,21:35:57,movie,Group,"('USD', 'United States dollar')",4.016358776496428e+18,False,,#d32eb1,737-LLFG,C604R16P85MJEEFND,1-86468-265-5,Managed even-keeled hardware
Julie,Nelson,bgomez,christina11@hotmail.com,302-903-2923x001,"522 Hernandez Forges
Jefferymouth, MH 68917",South Georgia and the South Sandwich Islands,Codystad,Ohio,53535.0,1990-09-12,Crawford-Young,Further education lecturer,9.0446605,-75.163334,1989-01-31 08:49:49.585696,2011-02-07,,15:27:29,dream,and Sons,"('BSD', 'Bahamian dollar')",2234308634978291.0,False,93341bef-67dc-4445-a087-ecc4b46c358b,#c2e6c6,0YB 863,FG5UV79X6ZJDWT66K,0-00-993906-7,Fully-configurable didactic productivity
Eugene,Brown,brian54,brandonanderson@yahoo.com,+1-354-339-9673x523,,Jersey,Grayshire,New Jersey,69334.0,1966-08-17,Ford-Powell,"Surveyor, planning and development",-33.708778,125.348116,2024-07-27 00:48:22.077362,2002-09-12,2021-09-14,,sea,PLC,"('BZD', 'Belize dollar')",4083314436678.0,True,384fd531-7923-4bbc-9855-de74ff3e3545,#87caee,G01 9KS,RKSXB5MZ723PRJGU7,1-375-76751-8,User-friendly directional analyzer
Kathy,Riggs,doylejohnny,richardmyers@gmail.com,(851)765-8070,"299 Cooper Shoals Apt. 810
Tamaraberg, HI 36070",,Perkinston,Vermont,30966.0,,Alexander-Braun,International aid/development worker,-58.7795215,125.151372,2015-04-22 15:09:59.516825,2021-11-23,2021-12-04,04:29:41,believe,Group,"('VEF', 'Venezuelan bolívar')",4.975273745535349e+18,False,4bc4bdca-618c-40c6-bb8d-288ca3dcc991,#b76926,Z23-ECZ,7R6Y430Z4BK71GUL9,,Quality-focused empowering support
Frances,Ball,arielmercado,nathangardner@hotmail.com,001-387-382-4280x769,"824 Brandi Brooks Apt. 412
Gilbertfort, PR 13275",Wallis and Futuna,Harperberg,Nevada,,2009-06-24,Harris PLC,"Engineer, electronics",-1.031321,84.068994,2003-03-08 22:34:33.134538,2022-12-18,2024-01-24,19:24:28,field,and Sons,"('FJD', 'Fijian dollar')",347156834611115.0,True,6dfd4be9-8a6d-49d6-bfb8-ac5b8ba4b5d5,#2faa47,AJH-705,ULKN9MPXX4N79RSXM,1-77722-625-2,Synchronized discrete website
Laurie,Hawkins,moorekristy,susanbruce@hotmail.com,574.663.7975x52441,"40253 Swanson Station Apt. 386
East Joshua, MS 63646",Benin,,Maryland,41472.0,2019-11-16,"Gonzalez, Hayes and Walker",Environmental manager,59.742914,-32.450241,2021-02-04 04:58:31.354852,2002-05-08,2023-08-06,10:56:09,various,LLC,"('RUB', 'Russian ruble')",4139424581413.0,False,ba77536f-f940-451a-8587-5e27e2520584,#3bbd98,98-JY42,NXV10R7Z67MMFCET5,1-4609-2038-4,Switchable multimedia benchmark
James,Fisher,mclark,johnswanson@gmail.com,(479)672-0344,"8184 Amanda Pike
East Eric, MH 21901",Greenland,Greenhaven,Kansas,10433.0,2011-12-30,"Phelps, Short and Bauer",Radio broadcast assistant,-14.0579995,-79.499299,1978-10-24 20:16:20.769428,2019-09-20,2023-09-08,19:50:10,animal,and Sons,"('RSD', 'Serbian dinar')",3501091847793624.0,False,759502fa-2b57-46ec-9add-68b1a82dbd03,#4c8d84,43S 5318,5ED1SEWC4YHEAXPAE,1-118-37845-8,User-centric directional array
Patricia,Walker,savagekayla,veronicacarpenter@hotmail.com,+1-967-634-2329x369,"4868 Emily Spur
South Robertshire, CT 13095",French Southern Territories,Sheilachester,Wisconsin,21950.0,1930-10-30,"Griffin, Ferguson and Brown","Psychologist, forensic",3.968077,164.927121,1995-12-18 03:17:24.278632,2021-11-23,2022-03-14,21:46:20,likely,Group,"('PLN', 'Polish zloty')",30231421410221.0,False,77af875d-d582-4e7f-a814-dbdecccd9cb2,#a4e857,R45-AJR,ZXKMNDM02H3CRP5B3,0-637-70474-6,
Ronald,Burns,luismason,sandra79@yahoo.com,243-446-2457x71361,"99927 Berry Cape
Brownton, MT 31388",Greenland,West Maria,Arkansas,79734.0,2003-03-16,"Lester, Summers and Steele","Teacher, secondary school",-8.8243415,-28.448831,2002-07-11 05:12:29.968973,,2022-04-14,16:10:40,,and Sons,"('SRD', 'Surinamese dollar')",584484711711.0,False,4eca501d-6627-4bb8-a738-9ecc1be03944,#e5478f,80N D15,D8L8XA5X4B9ZW5Y7D,1-888557-10-9,Front-line fault-tolerant system engine
James,Scott,zoe58,ymiller@yahoo.com,+1-801-471-8636x07498,"Unit 5318 Box 2240
DPO AP 98908",Barbados,Dixonbury,North Carolina,94323.0,1991-10-17,"Randall, Faulkner and Burns",Seismic interpreter,-29.0990935,20.931424,1974-02-01 12:18:11.315397,,,04:27:39,determine,PLC,"('ILS', 'Israeli new shekel')",213189683762896.0,False,a31c5082-6441-4cbf-9bbe-1d5bf2764e05,#192e46,990 APE,8DVZVXU96J6U5D87Z,0-86767-260-9,Switchable demand-driven firmware
Debra,Kennedy,moorebrittany,glittle@hotmail.com,(894)882-6264,"Unit 7093 Box 4750
DPO AA 24968",Namibia,Jameschester,Louisiana,20283.0,2024-08-07,Anderson and Sons,Adult nurse,10.606043,90.154073,1984-10-03 08:13:43.376174,2017-11-18,2022-11-16,,plant,Ltd,"('TND', 'Tunisian dinar')",501814009400.0,True,2127fad9-6dc9-4a91-ac97-f5d8ccfec1c7,#30c6d5,986-228,SELEBDB17GGFG29D7,1-199-10468-X,Polarized client-driven ability
Patricia,Hernandez,klinetravis,harrisjason@hotmail.com,,"402 Brown Underpass Apt. 268
Lake Rachelmouth, MO 51881",Romania,Mariatown,Nebraska,89830.0,1918-11-14,Conley Group,Biomedical engineer,,-79.738181,2012-08-12 11:10:19.573295,2017-05-17,2023-10-20,18:05:22,tell,and Sons,"('ISK', 'Icelandic króna')",180022412376127.0,True,030e8fbc-a900-4164-a157-c84749bf67c7,#b22b35,HNJ5456,JE47EC7C2GY5SLY29,1-5351-0504-6,Enterprise-wide dynamic Local Area Network
Jeremy,Evans,gwilliams,hallryan@hotmail.com,001-937-416-8055x410,"02339 Bell Circles
North Brittany, NJ 55134",Albania,,Idaho,27894.0,2013-02-28,Guerra-Moore,Sports therapist,15.2500015,-67.09712,1998-06-22 05:59:18.410639,2005-10-25,2023-04-11,17:30:40,,PLC,"('AMD', 'Armenian dram')",4.5248985431715323e+18,True,2adaf5d3-bc48-4622-b0a4-4730b04a050a,#bbac1d,039 3PK,6JG076294VS5NAW3E,0-479-48495-3,Self-enabling foreground utilization
Danielle,Burgess,rharris,geraldgriffin@hotmail.com,001-211-921-9080x7203,"80816 Johnson Shore Apt. 594
Johnsonburgh, OK 12802",South Georgia and the South Sandwich Islands,Webbville,Wyoming,,1951-12-04,"Sloan, Phillips and Parsons",Farm manager,81.3846745,-36.122994,1976-01-31 22:03:47.747692,2000-10-18,2023-02-23,05:10:14,style,Inc,"('MKD', 'Macedonian denar')",30100765224565.0,False,03849699-8ced-4f22-95a0-1f8cbb418416,#5c7670,9905 PY,7CJNHPP0XESCKC15K,1-302-53099-2,Universal fresh-thinking methodology
Ryan,Booth,rwatkins,bray@gmail.com,(291)392-3333x5334,"980 Kelly View
Wardfort, PW 74255",Albania,North Kristytown,Alaska,78267.0,1968-04-24,"David, Marshall and Weaver",Learning disability nurse,-77.055228,171.948067,2005-08-31 19:21:23.328396,2018-07-24,2023-06-11,11:48:05,someone,Inc,"('CAD', 'Canadian dollar')",4422457337378.0,False,ba7db271-f221-4d60-b02a-2dbdcac1150f,#951622,RFW 519,BPJRGYSW6ML29TAWY,1-73183-515-9,Open-source 6thgeneration project
Kim,Santiago,davidpeterson,malloryvasquez@yahoo.com,879-317-5552x88950,"930 Ann Unions Apt. 512
North Dianafort, AR 42396",Cuba,Lake Lindsey,Alaska,8773.0,1920-07-13,"Elliott, Hill and Williams",Air traffic controller,4.5515155,-82.331311,2024-12-24 05:40:01.875881,2017-01-27,2021-08-04,02:19:27,,and Sons,"('INR', 'Indian rupee')",,True,05e3a485-a494-41c9-9242-1cb9c60bca19,,J71-UYC,0NT63MME93WZUCHS7,1-193-50436-8,Up-sized full-range hierarchy
Connie,Barnes,mary57,qwatson@yahoo.com,(386)919-8404x12769,"82056 Cherry Meadow Apt. 185
Wareville, GU 26842",Chad,Englishland,South Dakota,54210.0,1936-02-29,Nichols-Hood,Equality and diversity officer,-58.1724325,-170.911489,2024-12-03 16:23:53.164504,2013-06-06,2021-02-13,03:50:52,technology,PLC,"('KZT', 'Kazakhstani tenge')",4370581620484.0,True,4dfceed5-d24d-4102-8daa-8b538bafcea7,#c6a82a,760 7UW,T1W4JBVN979VENSMP,0-8060-9157-6,Exclusive well-modulated Graphic Interface
David,Sullivan,tomrussell,samanthajohnson@gmail.com,717.340.1621x70886,"4337 Gordon Junction
Riverafurt, WY 68755",Sao Tome and Principe,Bethland,South Dakota,69327.0,1996-10-19,Carroll Group,"Scientist, marine",70.979613,81.010665,2002-05-11 23:56:16.144517,2012-06-20,2020-11-07,21:38:28,believe,LLC,"('SVC', 'Salvadoran colón')",580882742258.0,False,dcae10b8-c776-4863-9c46-7ee7bfe08934,#a0180c,KZW-1729,GZN19Z933YKSS96MY,1-68777-314-9,Front-line even-keeled forecast
Brenda,Brown,karenmelendez,jeffrey78@yahoo.com,(511)777-5909x3410,"1459 Hodge Extensions Suite 245
South Wanda, MN 89396",,Manuelmouth,New Hampshire,36418.0,1991-09-03,"Francis, Clark and Bolton",Pension scheme manager,16.9435685,-54.60188,1972-03-13 18:19:10.860466,2020-05-15,2020-01-10,20:10:44,identify,PLC,"('NZD', 'New Zealand dollar')",4680870849614.0,False,,#b391d9,GTB 6869,XU8DN8X519YA91B79,1-4277-5581-7,Multi-layered cohesive moratorium
Marc,Scott,dwilson,nelsonwendy@hotmail.com,001-847-485-3870x2756,"1152 Denise Spur
Navarrohaven, TN 89048",British Indian Ocean Territory (Chagos Archipelago),West Melissa,,42905.0,1991-09-21,Avila-Dickerson,Immigration officer,74.0617445,130.352925,2004-05-15 19:20:21.632632,2010-10-03,2024-07-03,16:09:36,language,PLC,"('BWP', 'Botswana pula')",4980417622114090.0,,be59bc1f-e603-4205-b891-be15c0202f05,#f89cab,ZMT-2059,4GZYP5PZ3WPYGEBN4,0-19-028192-8,Open-source upward-trending project
Alexa,,washingtonjames,johnsonreginald@gmail.com,261.522.4906,"45268 Medina Place
Lake Brian, CO 21354",Niger,Martinfort,Maryland,,1940-12-15,"Baxter, Bennett and Reynolds",Outdoor activities/education manager,59.5975865,-67.547672,1970-06-26 01:42:39.058760,2023-12-15,2021-06-28,02:39:01,,PLC,"('USD', 'United States dollar')",4.743854448089826e+18,False,068867ef-b2fb-4f9d-a969-56da475e3297,#b21247,607J8,V5WSPSVR29A4FC827,0-373-60141-7,Multi-lateral optimal Local Area Network
Diane,Shelton,tylerwebb,xlewis@yahoo.com,+1-276-620-3547x531,"9590 Ball Forks Apt. 209
Laurenville, MN 05104",Poland,Jaredmouth,Nebraska,65893.0,1998-10-26,Nelson Ltd,,41.3168185,28.522625,2003-10-01 23:24:33.623170,2001-03-08,2021-06-14,08:41:37,will,Ltd,"('CRC', 'Costa Rican colón')",4601137362290.0,True,1a1c5ab3-b253-461c-9097-a13ad9e72c13,#3aee0a,055-GFD,RR0ZEZ5H9H8WTW1HE,0-09-219162-2,Enhanced regional framework
Benjamin,Lester,robert80,llittle@yahoo.com,001-889-517-1506,"5471 Cynthia Drive Apt. 942
North Deborahport, AS 11001",Antarctica (the territory South of 60 deg S),Victoriamouth,California,56666.0,1959-08-09,"Brown, Dixon and Mendez",Environmental manager,-24.3628645,136.906507,1985-09-14 23:45:50.508689,2005-12-18,2023-12-30,20:42:00,tax,Ltd,"('CHF', 'Swiss franc')",4.923227939316789e+18,False,03973f02-4463-4d5d-87fd-d80871f0f034,#dc7b99,BSU 5041,XWHG8UE73R0LHPCMC,1-123-28062-2,Horizontal leadingedge budgetary management
Steven,Moran,karenbailey,simpsondaniel@gmail.com,786.543.6642x52947,"73026 Susan Junctions
West Andre, ND 63302",Bouvet Island (Bouvetoya),South Anita,Michigan,45346.0,1930-07-17,Matthews-Vargas,Lexicographer,15.346001,88.000727,2022-10-20 02:51:56.120952,2010-11-23,2023-04-04,13:45:55,get,LLC,"('TRY', 'Turkish lira')",347195518077706.0,True,e488a3d7-bceb-4291-a7f6-e7e77be468e3,#ced9fb,074 LOL,HD3XAGK810F9RG3R7,1-276-73617-7,Profit-focused upward-trending superstructure
Christie,Wu,tmoore,zsimmons@gmail.com,861-786-4543x991,"475 Justin Fall
East Patriciaview, TX 95396",Haiti,Ingramberg,North Carolina,84777.0,1998-07-03,Wilson LLC,Magazine features editor,74.313578,117.260992,2000-05-26 00:45:42.385144,2011-06-12,2023-03-29,01:31:27,you,LLC,"('INR', 'Indian rupee')",,False,92bb5ce8-116b-4f67-895d-9c6b02f74273,#4786dd,179-IBP,C4HN22BRXWP1K796N,1-359-96548-3,Extended system-worthy monitoring
Matthew,Parks,victorstrickland,cardenascassandra@hotmail.com,(707)670-2500x495,"962 Wilson Ville Suite 032
West Bonniefort, KS 38453",Singapore,Port Tammystad,Rhode Island,50043.0,2003-05-30,Gibson-Turner,Insurance claims handler,-37.530812,-9.894017,1991-06-03 21:47:14.684696,2008-06-15,2024-09-07,23:49:49,partner,LLC,"('MXN', 'Mexican peso')",4.661940147530377e+18,True,9147faf1-fa91-40cf-aef4-48e553cc6b97,#a8bcf7,H77 0RZ,S55CRJGA73TW2FP78,1-05-930433-3,Face-to-face maximized encoding
Zachary,Gould,keithharvey,jeanette38@hotmail.com,001-909-519-3452,"739 Zachary Stream Suite 015
Lisamouth, CA 00544",Mauritania,Ryanhaven,Florida,5012.0,1939-12-08,"Allen, Hogan and Rodriguez","Pharmacist, hospital",67.9018055,-26.814723,2006-06-13 12:47:47.583741,2022-06-17,2020-07-20,21:21:11,identify,Inc,"('EUR', 'Euro')",4.954592435849959e+18,False,e1840bd1-5927-4c58-bf97-3c91ccf2e027,#d2b1d1,392Z0,HN4GWJXU6WEDLSS2V,1-386-80410-X,Operative directional core
Tyrone,Contreras,curtismills,rebecca99@hotmail.com,903-840-6503,"3379 Vaughn Motorway
Stewarttown, UT 26833",Uganda,North Mariahaven,Illinois,91250.0,1964-12-30,"Morris, Miller and Burns",Hydrogeologist,3.9414395,3.19261,2021-04-12 12:05:00.034415,2019-12-02,2024-04-24,15:59:50,member,and Sons,"('XCD', 'Eastern Caribbean dollar')",6011585701318911.0,False,a94b9161-490a-45bd-aa65-4c112c42c50c,#71a0e4,967 JV0,EDMXG1FR3UYHF55XA,0-522-62785-4,Cross-group client-server paradigm
Kendra,,derrick24,owilliams@yahoo.com,,"82077 Jacobs Brooks
South Joanneville, OH 10968",Thailand,West Andrewmouth,Florida,82943.0,1926-06-19,Horton-Simpson,Writer,5.622566,121.729665,1998-04-02 04:43:15.079200,2010-09-12,2024-10-20,10:56:35,race,LLC,"('GBP', 'Pound sterling')",4064514281072681.0,False,51611316-f0cb-4a11-9423-bab339c4f359,#45aed3,67T•719,4H1NY5YP77PXMDAVM,1-150-33372-3,Open-architected 4thgeneration function
Cathy,Graham,stewartnicole,carolyn67@yahoo.com,+1-881-875-2238x69711,"2967 Palmer Isle
Lake Elizabeth, CA 76714",Afghanistan,,Connecticut,76346.0,1985-04-25,"Perez, Anderson and Rodriguez",Clinical cytogeneticist,74.98511,75.132068,1995-03-18 10:44:26.176085,2011-02-10,2021-12-17,08:33:37,phone,,"('NZD', 'New Zealand dollar')",4083122134868730.0,False,1e7a523e-d454-443d-a3be-0e979a63ee61,#91df86,4330,KFWMZ0EWXMPPK43GJ,0-426-94086-5,Ergonomic non-volatile intranet
James,Cain,jacquelinerusso,robert67@gmail.com,815.431.7628x933,"71749 Jeremy Turnpike Apt. 306
Smithbury, AZ 49568",Saint Helena,North Daniel,Louisiana,72182.0,2008-10-01,Houston LLC,Event organiser,-30.4928525,-114.467967,1995-06-28 05:28:18.067065,2005-04-14,2021-01-15,10:22:04,less,Ltd,"('INR', 'Indian rupee')",2412969909011870.0,True,596f23dd-11ae-4150-b63e-e98bf538a254,#b7190d,72P ET2,85878F4H84LMPUARJ,0-9791809-3-7,Optimized static access
,Harris,michael73,,973.398.0310,"093 Gordon Isle Apt. 853
Josefurt, SC 33574",Nepal,North Sabrina,Ohio,84703.0,1979-10-11,Burgess and Sons,Chief Marketing Officer,41.564908,114.146865,1990-09-29 05:56:24.376857,2009-02-04,,10:45:58,girl,Ltd,"('ALL', 'Albanian lek')",4.0538476971087427e+18,True,0c4c7b56-3954-42d6-bceb-2fb68ff3f3f9,#b16198,TNK-0110,EYGZ6EAE54U50VBK9,0-88893-896-9,Automated dynamic knowledge user
Chad,Henderson,zacharydunlap,brian11@hotmail.com,702.327.8859x244,"347 Kevin Roads Suite 255
Port Kennethland, WA 91700",Libyan Arab Jamahiriya,Hardyton,Washington,18344.0,1988-02-11,Huffman PLC,Physiological scientist,-59.961702,-164.775403,2008-05-05 14:08:15.509091,2022-10-12,2022-07-31,01:19:58,maybe,Inc,"('WST', 'Samoan tālā')",213182789715355.0,,769290b3-4048-4d16-9984-167313003e7c,#031f18,ZNL8604,,0-7541-2422-3,Stand-alone human-resource protocol
Ashley,Brown,lhernandez,ggaines@gmail.com,001-549-684-3890x1967,"USNV Murray
FPO AA 03925",Tuvalu,Amyport,Arizona,98692.0,1928-02-29,Buck-Gonzalez,Legal executive,61.981376,25.096899,2006-02-08 05:02:14.466751,,2024-11-22,17:03:14,town,Ltd,"('SDG', 'Sudanese pound')",349075269411718.0,True,98c4a052-d867-41d1-9175-815b65d85aea,#d84d3f,59W•979,K3ZY6XLF8FZRCPB6B,1-00-838569-7,Focused intermediate workforce
Margaret,Wilson,usullivan,gary28@gmail.com,+1-544-603-7079x45018,"3372 Thomas Fords Apt. 844
Leefort, IA 60111",Guadeloupe,,Michigan,92712.0,1928-12-28,"Thornton, Taylor and Turner",Microbiologist,33.194622,-132.16807,1993-12-08 13:07:01.321281,2000-07-27,2021-03-06,23:56:46,way,Ltd,"('IMP', 'Manx pound')",344651660010906.0,,4c89948a-bf83-4b24-a051-1430251bebc2,#e0d8c1,HEX 330,WKVUVFP717813T2R8,0-7163-4931-0,Mandatory bottom-line customer loyalty
Gary,Fuller,matthewsmichael,sydneyscott@hotmail.com,(259)544-0765x7527,"5420 Steven Cape
Stephanieside, SC 31919",Cuba,West Kent,Indiana,76473.0,2015-11-24,"Harrison, Young and Henry",Tourism officer,38.447904,-159.149118,2004-08-13 13:27:18.876203,2009-03-03,2023-05-30,01:13:06,style,Ltd,"('LRD', 'Liberian dollar')",375939304318856.0,False,e518b7c0-4ab5-4764-8e46-f9bff4b9db7c,#48d8ad,L 080973,EVEY7SHGX6M1L06TM,0-8243-1087-X,Configurable disintermediate portal
Erin,Collins,brianburnett,loveamy@hotmail.com,(988)417-2105x885,"28712 Amanda Forest
Lake Nathan, VA 16253",,Jonathanstad,Ohio,65255.0,1964-12-14,Kramer Ltd,Administrator,10.703417,-82.207614,,2022-06-20,2020-10-28,22:34:54,claim,,"('PHP', 'Philippine peso')",2222397147415689.0,True,9e41baab-6847-40d9-bfdd-68b62298fa3a,#aba41f,129 FED,9P7268RU3MFRZJ65Z,0-89762-688-5,Versatile encompassing algorithm
Timothy,Morris,anneparrish,charlesdiaz@hotmail.com,725-483-9053,"2136 Susan Knolls
Port Paul, MT 21045",Falkland Islands (Malvinas),,Arkansas,66267.0,1979-12-09,Davis-Meyers,"Scientist, forensic",47.4384115,105.84876,1982-07-01 07:13:18.109715,2008-11-01,2020-12-30,02:14:59,least,and Sons,"('LBP', 'Lebanese pound')",4809994920596433.0,False,7bb494eb-c233-4afb-8bea-92ea4409cd0c,#a98aa5,69-SK36,W8G02HBS6KKNDW6X5,1-355-85130-0,Object-based needs-based encryption
William,Carr,katherine42,annleach@hotmail.com,641.779.8069x0438,,Mozambique,Christinefort,North Dakota,3603.0,1909-08-14,"Crawford, Cox and Mills",Theatre director,9.4665855,49.0401,1995-07-28 15:55:22.326331,2022-05-18,2024-06-07,01:51:00,collection,LLC,"('CNY', 'Renminbi')",30572218435362.0,False,06868962-5e4b-49b7-b3b7-54cb4ba20b96,#2a63a6,NDE4309,Y38M1ZRX0T67VCHU5,1-988233-51-8,Future-proofed uniform definition
Jason,Nguyen,bowerstheresa,brandonsosa@yahoo.com,549-901-2345,"7947 William Mill
Jefferyburgh, ND 11828",Costa Rica,Lake Jasmineborough,Massachusetts,25209.0,2001-08-12,Moore-Knight,"Designer, multimedia",80.738979,-21.141735,2019-10-12 18:23:40.922951,2021-11-08,2021-07-19,06:12:38,teach,Ltd,"('YER', 'Yemeni rial')",576304932741.0,False,f2bb9b6b-463f-4b09-a6b6-dfd0c8b09c6f,#68cf10,VTV8424,5JLE3Y4W4D555DTSH,1-220-73741-0,
Karen,Gonzalez,parktimothy,jamescontreras@hotmail.com,268.782.0158x6789,"10197 Rose Landing Apt. 015
Kelseybury, NM 28468",Bahamas,Amandachester,Maine,55249.0,1956-03-06,Campbell Ltd,Patent attorney,71.035135,137.492957,2012-04-17 20:01:34.957247,2001-08-30,2024-04-16,00:55:50,whether,Ltd,"('MGA', 'Malagasy ariar')",2707607244862854.0,False,188cf363-746a-4b71-8d35-c0c374bf2b54,#e7de14,KRY 443,K02069PT0713PWB0A,1-104-77620-0,Enhanced next generation secured line
Charles,Harrison,travis09,fryepatricia@yahoo.com,,"Unit 1885 Box 2321
DPO AA 08629",Kyrgyz Republic,Cooperstad,New Mexico,49032.0,2017-06-22,Wells-Crawford,Technical brewer,60.7722645,128.025873,2004-03-23 12:49:17.994347,2018-12-06,2024-09-18,01:36:18,lay,and Sons,"('BWP', 'Botswana pula')",4581887063126.0,True,4008d58f-ffd8-43ba-b23f-c5ff7e66f098,#3e23c8,416 UAK,F71DKD3173KPYTWNC,0-11-598894-7,Stand-alone context-sensitive ability
Leslie,Williams,dickersonlauren,austinanthony@yahoo.com,759-536-3558x6060,"5694 Joel Harbor
New Michaelmouth, MT 60204",Brazil,Port Elizabethside,West Virginia,56064.0,2005-08-20,Williams-Gonzales,Landscape architect,80.3760375,141.820134,2002-05-25 09:14:12.881382,2013-09-17,2020-07-02,14:09:40,significant,Inc,"('USD', 'United States dollar')",4508504501618458.0,True,4784aa2e-44d2-4ee6-9a41-818e3dfdd790,#34feac,K19 0GD,KWZB9RG26GS9FCMX4,0-16-026441-3,Switchable multi-tasking data-warehouse
Caitlin,Hayes,jonesgarrett,george39@yahoo.com,2692577568,"31341 Wilson Island Suite 272
Lake Matthewview, ME 76029",United States of America,North Joshuaborough,Nevada,94059.0,1916-06-26,"Smith, Meza and Mullen",Video editor,-89.481633,-41.321906,1972-01-28 17:37:58.963078,2010-01-28,2023-03-31,03:15:33,let,PLC,"('ZAR', 'South African rand')",4058210741052276.0,True,be8389c5-2cb6-402a-93ef-0f520139a2ab,#14bd44,IHN-859,0111ZWCU3A1E703C6,0-611-28626-2,Fully-configurable tertiary alliance
Lori,Gilbert,javierjackson,tammy49@gmail.com,+1-822-574-3004,"461 Ross Creek
Jackhaven, PA 05469",Hungary,West Daniel,Florida,52504.0,1918-02-15,Gibson Inc,Catering manager,57.852166,167.288251,1997-09-27 17:04:53.390628,2007-03-02,2021-10-04,16:47:40,marriage,and Sons,"('KES', 'Kenyan shilling')",3507338158663456.0,True,c3ed04d4-60e2-42b7-b725-8c8e2d618a6a,#a3c33a,490-XCT,3WWHM91M1SH7C64UR,1-383-70496-1,Implemented content-based challenge
Elizabeth,Acosta,frazierdennis,chad75@gmail.com,446-499-6398,"4089 Williams Parks Apt. 791
Fullerfort, NM 26359",Burundi,North Elizabeth,Montana,43052.0,2008-03-20,Scott-Chavez,"Scientist, audiological",-38.0884565,-111.222048,1989-02-07 16:52:58.972045,2016-03-30,2023-11-27,13:34:22,ability,PLC,"('GIP', 'Gibraltar pound')",373311007947336.0,False,f996118f-3e32-4f2b-8fb9-84ab637a4d83,#7a6f81,510 IOZ,P2M0WPED6AX74RZ7C,1-4657-3160-1,Reduced bottom-line structure
James,King,simscharles,emarquez@yahoo.com,+1-258-532-6413x77567,"Unit 3557 Box 5995
DPO AP 60791",Northern Mariana Islands,New Tristanfort,California,49840.0,1963-02-13,"Cox, Pena and Galvan",Geochemist,-10.4853565,-27.712189,1989-01-06 12:49:14.098210,2008-02-02,2023-08-14,02:05:12,voice,PLC,"('CAD', 'Canadian dollar')",4033482173702.0,True,698530d9-4342-404f-ba8c-a93bb4c2745c,#0fda81,2923,DVAWXSFC62TVL2CVG,1-70624-487-8,Centralized incremental utilization
